num_exp,problem,algo,fit
1,Sphere,WO,7.051040877323196e-39
1,Sphere,BB,1.61533122417831e-20
1,Sphere,WO,1.84525871458001e-36
1,Sphere,BB,3.904182452780248e-21
